"","feeling","count","perc"
"1","Anxious",26,0.17687074829932
"2","Exhausted",31,0.210884353741497
"3","Ready",28,0.19047619047619
"4","Worried",20,0.136054421768707
"5","Excited",15,0.102040816326531
"6","Supported",21,0.142857142857143
"7","Lonely",6,0.0408163265306122
